Nome do Arquivo,Possivel ra√ßa,Cor aproximada,Porte aproximado,Peso Aproximado,Texto da imagem,URL do post,Texto do post
2024-05-05_14-50-35_UTC_profile_pic,Indeterminada,Branco creme,Pequeno,5,,https://www.instagram.com/p/,
2024-05-05_14-56-35_UTC,Indeterminada,Branco,Medio,20,,https://www.instagram.com/p/C6l0dBsuzZX,"Pitbull macho, porte m√©dio
Local: Bem estar animal, Av. Boqueir√£o 1985"
2024-05-05_14-58-34_UTC,Indeterminada,Branco,Grande,30,,https://www.instagram.com/p/C6l0rqiOZCJ,"Pitbull f√™mea, porte m√©dio
Local: Bem-estar animal
Av. Boqueir√£o, 1985"
2024-05-05_15-02-48_UTC,Indeterminada,Branco e marrom,Pequeno,5,,https://www.instagram.com/p/C6l1KlOunpJ,"Local: Bem-estar animal
Av. Boqueir√£o, 1985"
2024-05-05_15-03-35_UTC,Indeterminada,Bege,Pequeno,5,,https://www.instagram.com/p/C6l1QUIuTTk,"F√™mea, porte p/m
Local: Bem-estar animal
Av. Boqueir√£o, 1985"
2024-05-05_15-05-05_UTC,Indeterminada,Preto e branco,Pequeno,10,54,https://www.instagram.com/p/C6l1bXiOT3x,"Macho
Local: Bem-estar animal
Av. Boqueir√£o, 1985"
2024-05-05_15-05-55_UTC,Indeterminada,Preto,Pequeno,Indeterminado,,https://www.instagram.com/p/C6l1hfWuS16,"Local: Bem-estar animal
Av. Boqueir√£o, 1985"
2024-05-05_15-08-15_UTC,Indeterminada,Bege,Medio,15,ON PA,https://www.instagram.com/p/C6l1ygROnXg,"Local: Bem-estar animal
Av. Boqueir√£o, 1985"
2024-05-05_15-08-53_UTC,gato,Variada,pequeno,4,,https://www.instagram.com/p/C6l13JRuY8G,"Local: Bem-estar animal
Av. Boqueir√£o, 1985"
2024-05-05_15-09-29_UTC,gato,Branco e marrom,pequeno,4,,https://www.instagram.com/p/C6l17knuQlG,"F√™mea
Local: Bem-estar animal
Av. Boqueir√£o, 1985"
2024-05-05_15-10-08_UTC,gato,tartaruga,pequeno,4,,https://www.instagram.com/p/C6l2ATZORGt,"Local: Bem-estar animal
Av. Boqueir√£o, 1985"
2024-05-05_15-13-12_UTC,Indeterminada,Preto e marrom,Pequeno,5,,https://www.instagram.com/p/C6l2WxxuHWr,"F√™mea 
Local: Bem-estar animal
Av. Boqueir√£o, 1985"
2024-05-05_15-19-29_UTC,Indeterminada,Preto e marrom,Grande,30,,https://www.instagram.com/p/C6l3E0-uq2n,"Local: Bem-estar animal
Av. Boqueir√£o, 1985"
2024-05-05_15-31-26_UTC,Indeterminada,Marrom com preto,Pequeno,Indeterminado,,https://www.instagram.com/p/C6l4cUqOtEL,"Local: Bem-estar animal
Av. Boqueir√£o, 1985"
2024-05-05_15-31-55_UTC,Indeterminada,Marrom,M√©dio,20,,https://www.instagram.com/p/C6l4f5QuWHA,"Local: Bem-estar animal
Av. Boqueir√£o, 1985"
2024-05-05_15-33-52_UTC,Indeterminada,Marrom,M√©dio,20,,https://www.instagram.com/p/C6l4uHMungv,"Local: Bem-estar animal
Av. Boqueir√£o, 1985"
2024-05-05_16-09-00_UTC,Indeterminada,Preto e branco,M√©dio,20,,https://www.instagram.com/p/C6l8vcsO9Gd,"Local: Bem-estar animal
Av. Boqueir√£o, 1985"
2024-05-05_16-14-38_UTC,Indeterminada,Caramelo,Pequeno,5,,https://www.instagram.com/p/C6l9YrvuPBF,"F√™mea .
Castrada com pontos de castra√ß√£o.
Av Boqueir√£o 1985"
2024-05-05_16-15-59_UTC,gato,Cinzento Tigrado,pequeno,4,,https://www.instagram.com/p/C6l9ikyu4JL,"Local: Bem-estar animal
Av. Boqueir√£o, 1985"
2024-05-05_16-16-52_UTC,gato,cinza atigrado,pequeno,1,,https://www.instagram.com/p/C6l9pGWuwvB,"Local: Bem-estar animal
Av. Boqueir√£o, 1985"
2024-05-05_16-17-43_UTC,gato,Cinza e branco,pequeno,1,,https://www.instagram.com/p/C6l9vSrO4DK,"Local: Bem-estar animal
Av. Boqueir√£o, 1985"
2024-05-05_16-18-11_UTC,gato,tigrado,medio,5,,https://www.instagram.com/p/C6l9yvZOgZa,"Local: Bem-estar animal
Av. Boqueir√£o, 1985"
2024-05-05_16-37-33_UTC,Indeterminada,Preto e Branco,M√©dio,20,,https://www.instagram.com/p/C6mAAn7pv5W,"F√™mea .
Local resgate : Maria Isabel 
Est√° em lar tempor√°rio (Ju)"
2024-05-05_16-38-21_UTC,Indeterminada,Preto,M√©dio,15,,https://www.instagram.com/p/C6mAGcXpJ_k,"F√™mea 
Est√° em lar tempor√°rio (Ju)"
2024-05-05_16-40-47_UTC,Indeterminada,Branco e Preto,Pequeno,2,,https://www.instagram.com/p/C6mAYQ_p3vs,Bem estar Animal
2024-05-05_16-41-19_UTC,Indeterminada,Preto e marrom,Pequeno,5,,https://www.instagram.com/p/C6mAcMeJIn3,"Bem estar Animal, Boqueir√£o 1985"
2024-05-05_16-49-24_UTC,Indeterminada,Branco e Marrom,M√©dio,20,,https://www.instagram.com/p/C6mBXaRpv_e,"Macho 
- Bem estar Animal, Boqueir√£o 1985"
2024-05-05_16-49-55_UTC,Indeterminada,Preto,M√©dio,20,,https://www.instagram.com/p/C6mBbHIJziy,"F√™mea - Bem estar Animal, Boqueir√£o 1985"
2024-05-05_16-50-03_UTC,Indeterminada,Preto e castanho,Pequeno,10,,https://www.instagram.com/p/C6mBcKXJk6_,"Macho -
Bem estar Animal - Boqueir√£o 1985"
2024-05-05_16-50-50_UTC,Indeterminada,Cinza,Grande,30,,https://www.instagram.com/p/C6mBh7Qp8Sb,Macho - Bem estar Animal - Boqueir√£o 1985
2024-05-05_18-33-24_UTC,Indeterminada,Caramelo,Pequeno,5,,https://www.instagram.com/p/C6mNRDYJeLw,"Macho -
Bem estar Animal, Boqueir√£o 1985"
2024-05-05_19-00-12_UTC,Indeterminada,Preto e branco,Grande,Indeterminado,,https://www.instagram.com/p/C6mQVZAphgO,Est√° na Ulbra
2024-05-05_19-36-22_UTC,Pug,Bege,Pequeno,6-8,,https://www.instagram.com/p/C6mUePLpum_,"F√™mea

Est√° no SMBEA
Local: Bem-estar animal
Av. Boqueir√£o, 1985"
2024-05-05_20-05-54_UTC,Indeterminada,Branco e Preto,Pequeno,5,Praia M√≥vel CANOAS,https://www.instagram.com/p/C6mX2i_JJoo,Dono encontrado
2024-05-05_20-12-08_UTC,Indeterminada,Marrom,Pequeno,5,F√™mea,https://www.instagram.com/p/C6mYkPwJ37O,"Est√° no SMBEA
Local: Bem-estar animal
Av. Boqueir√£o, 1985"
2024-05-05_20-12-11_UTC,Indeterminada,Branco,Pequeno,2,Bem estar Animal macho,https://www.instagram.com/p/C6mYkqMJhpf,"Macho
Est√° no SMBEA
Local: Bem-estar animal
Av. Boqueir√£o, 1985"
2024-05-05_20-12-19_UTC,Pug,Bege,Pequeno,6-8,,https://www.instagram.com/p/C6mYlk4JXS2,"F√™mea

Est√° no SMBEA
Local: Bem-estar animal
Av. Boqueir√£o, 1985"
2024-05-05_20-18-53_UTC,Indeterminada,Marrom,Pequeno,Indeterminado,,https://www.instagram.com/p/C6mZVtnJL4b,"F√™mea
Est√° no SMBEA
Local: Bem-estar animal
Av. Boqueir√£o, 1985"
2024-05-05_20-25-35_UTC,Indeterminada,Preto e cinza,M√©dio,20,POL√çCIA CIVIL,https://www.instagram.com/p/C6maGxmJ6m-,"Macho
Est√° no SMBEA
Local: Bem-estar animal
Av. Boqueir√£o, 1985"
2024-05-05_20-25-42_UTC,Indeterminada,Preta,Grande,40,cani00da Italia,https://www.instagram.com/p/C6maHkLpW2_,"Labrador preto 

Est√° no SMBEA
Local: Bem-estar animal
Av. Boqueir√£o, 1985"
2024-05-05_20-25-44_UTC,Indeterminada,Marrom,M√©dio,20,,https://www.instagram.com/p/C6maH43J6Py,"Est√° no SMBEA
Local: Bem-estar animal
Av. Boqueir√£o, 1985"
2024-05-05_20-26-39_UTC,Indeterminada,Preto e Marrom,Pequeno,10,,https://www.instagram.com/p/C6maOmXJCyn,"Macho
Est√° no SMBEA
Local: Bem-estar animal
Av. Boqueir√£o, 1985"
2024-05-05_20-35-40_UTC,Indeterminada,Preto,M√©dio,20,,https://www.instagram.com/p/C6mbQnRpuPo,"Bravo
Macho
Est√° no SMBEA
Local: Bem-estar animal
Av. Boqueir√£o, 1985"
2024-05-05_20-43-50_UTC,Indeterminada,Bege,M√©dio,10,"os tutores est√£o encontrando seus animais! a emo√ß√£o √© gigante! para procurar seu amigo, siga @meubichotasalvocanoas",https://www.instagram.com/p/C6mb0KCvoi_,"‚ù§Ô∏è TUTORES EST√ÉO ENCONTRANDO SEUS ANIMAIS!

√â de embargar a voz, de encher os olhos‚Ä¶ Not√≠cias boas em tempos como estes que vivemos s√£o revigorantes. 

Que mais vidas se encontrem!

Siga @meubichotasalvocanoas para ver se teu animalzinho est√° l√° ou compartilhe para ajudar!"
2024-05-05_20-44-04_UTC,Indeterminada,Branco com manchas,Pequeno,2,,https://www.instagram.com/p/C6mcOI_Jp18,"Est√° no SMBEA
Local: Bem-estar animal
Av. Boqueir√£o, 1985"
2024-05-05_20-44-22_UTC,Indeterminada,Marrom claro,Pequeno,5,Gr√™mio Banrisul,https://www.instagram.com/p/C6mcQVjpQLq,Macho bem estar Animal
2024-05-05_20-44-23_UTC,Indeterminada,Preto e Branco,Grande,30,52,https://www.instagram.com/p/C6mcQblJUA6,"Macho
Est√° no SMBEA
Local: Bem-estar animal
Av. Boqueir√£o, 1985"
2024-05-05_20-44-27_UTC,Indeterminada,Preto e branco,Pequeno,10,,https://www.instagram.com/p/C6mcQ7cpHtQ,F√™mea bem estar Animal
2024-05-05_20-44-28_UTC,Rottweiler,Preto e castanho,grande,50,,https://www.instagram.com/p/C6mcRCPJWuH,F√™mea bem estar Animal
2024-05-05_20-44-32_UTC,Indeterminada,Branco,Pequeno,5,,https://www.instagram.com/p/C6mcRf4pQj7,Macho bem estar Animal
2024-05-05_20-44-55_UTC,Indeterminada,Bege,M√©dio,20,,https://www.instagram.com/p/C6mcUZIprw-,"F√™mea
Local: Bem-estar animal
Av. Boqueir√£o, 1985"
2024-05-05_20-46-03_UTC,Indeterminada,Marrom e preto,Grande,30,,https://www.instagram.com/p/C6mccrXpDaE,"Macho mix de pastor
Local: Bem-estar animal
Av. Boqueir√£o, 1985"
2024-05-05_20-46-06_UTC,Indeterminada,Bege,M√©dio,15,,https://www.instagram.com/p/C6mcc_IJOvQ,Macho bem estar Animal
2024-05-05_20-49-45_UTC,Indeterminada,Variada,M√©dio,Indeterminado,,https://www.instagram.com/p/C6mc3tkJsUC,Bem estar Animal
2024-05-05_20-51-59_UTC,Indeterminada,Marrom,Medio,10,,https://www.instagram.com/p/C6mdIIOJ2O5,Bem estar Animal
2024-05-05_20-52-09_UTC,Indeterminada,Marrom,Grande,30,,https://www.instagram.com/p/C6mdJYXp5aG,"F√™mea
Local: Bem-estar animal
Av. Boqueir√£o, 1985"
2024-05-05_20-53-44_UTC,Boxer,Tigrado,M√©dio,25,,https://www.instagram.com/p/C6mdU7xpRmp,"Bem Estar Animal, Boqueir√£o 1985"
2024-05-05_21-09-41_UTC,Indeterminada,Marrom,Pequeno,10,"Macho
Est√° no SMBEA
Local: Bem-estar animal
Av. Boqueir√£o, 1985",https://www.instagram.com/p/C6mfJvyJqL-,
2024-05-05_21-20-30_UTC,Pug,Bege,Pequeno,6-8,"F√™mea
Est√° no SMBEA
Local: Bem-estar animal
Av. Boqueir√£o, 1985",https://www.instagram.com/p/C6mgY83pvM3,
2024-05-05_21-21-17_UTC,Indeterminada,Branco e preto,Pequeno,4,"F√™mea
Est√° no SMBEA
Local: Bem-estar animal
Av. Boqueir√£o, 1985",https://www.instagram.com/p/C6mgevBpmtb,
2024-05-05_21-21-44_UTC,Yorkshire Terrier,Marrom,pequeno,3,"F√™mea
Est√° no SMBEA
Local: Bem-estar animal
Av. Boqueir√£o, 1985",https://www.instagram.com/p/C6mgh-UJUd8,
2024-05-05_21-22-03_UTC,Indeterminada,Dourado,Pequeno,Indeterminado,"F√™mea
Est√° no SMBEA
Local: Bem-estar animal
Av. Boqueir√£o, 1985",https://www.instagram.com/p/C6mgkVipoiU,
2024-05-05_21-22-28_UTC,Indeterminada,Marrom e Preto,Pequeno,5,"Macho Est√° no SMBEA Local: Bem-estar animal Av. Boqueir√£o, 1985",https://www.instagram.com/p/C6mgnZZJtiR,
2024-05-05_21-35-34_UTC,Indeterminada,Marrom e branco,Pequeno,5,"F√™mea
Est√° no SMBEA
Local: Bem-estar animal
Av. Boqueir√£o, 1985",https://www.instagram.com/p/C6miHYCpAAY,
2024-05-05_21-36-52_UTC,Inderterminada,Marrom,Pequeno,5,"F√™mea Est√° no SMBEA Local: Bem-estar animal Av. Boqueir√£o, 1985",https://www.instagram.com/p/C6miQ2wJRdc,
2024-05-05_21-37-17_UTC,Indeterminada,Bege,Pequeno,2,"F√™mea Est√° no SMBEA Local: Bem-estar animal Av. Boqueir√£o, 1985",https://www.instagram.com/p/C6miT9VJDF8,
2024-05-05_21-39-26_UTC,Indeterminada,Preto e castanho,Pequeno,5,"F√™mea Est√° no SMBEA Local: Bem-estar animal Av. Boqueir√£o, 1985",https://www.instagram.com/p/C6mijp1ptv-,
2024-05-05_21-39-45_UTC,Indeterminada,Branco e Marrom,Pequeno,10,"Macho Est√° no SMBEA Local: Bem-estar animal Av. Boqueir√£o, 1985",https://www.instagram.com/p/C6mil6DJtJN,
2024-05-05_21-40-06_UTC,Indeterminada,Marrom,Pequeno,Indeterminado,"Macho castrado
Est√° no SMBEA
Local: Bem-estar animal
Av. Boqueir√£o, 1985",https://www.instagram.com/p/C6miofbJQ1h,
2024-05-05_21-40-51_UTC,Pinscher,Marrom,Pequeno,4,"F√™mea pinscher Est√° no SMBEA Local: Bem-estar animal Av. Boqueir√£o, 1985",https://www.instagram.com/p/C6mit_xJegE,
2024-05-05_21-50-44_UTC,Indeterminada,Marrom,M√©dio,20,,https://www.instagram.com/p/C6mj2cJJvXw,F√™mea bem estar Animal
2024-05-05_21-54-09_UTC,Indeterminada,Preto e marrom,Pequeno,Indeterminado,"Macho Est√° no SMBEA Local: Bem-estar animal Av. Boqueir√£o, 1985",https://www.instagram.com/p/C6mkPb3JiQw,
2024-05-05_21-54-12_UTC,Indeterminada,Marrom,Pequeno,5,RESGATADA F√™mea Est√° no Bem Estar Animal,https://www.instagram.com/p/C6mkPvkpZDg,
2024-05-05_21-54-49_UTC,Indeterminada,Cinza e Branco,Pequeno,5,"Macho
Est√° no SMBEA
Local: Bem-estar animal
Av. Boqueir√£o, 1985",https://www.instagram.com/p/C6mkUVQJHMq,
2024-05-05_21-55-11_UTC,Indeterminada,Branco e preto,M√©dio,20,"F√™mea
Est√° no SMBEA
Local: Bem-estar animal
Av. Boqueir√£o, 1985",https://www.instagram.com/p/C6mkXB9JGo0,
2024-05-05_21-55-30_UTC,Indeterminada,Dourado,Pequeno,Indeterminado,"Macho
Est√° no SMBEA
Local: Bem-estar animal
Av. Boqueir√£o, 1985",https://www.instagram.com/p/C6mkZSqp9vs,
2024-05-05_21-55-58_UTC,Indeterminada,Preto e Marrom,M√©dio,Indeterminado,"Macho
Est√° no SMBEA
Local: Bem-estar animal
Av. Boqueir√£o, 1985",https://www.instagram.com/p/C6mkctWJIHW,
2024-05-05_21-56-31_UTC,Indeterminada,Dourado,Pequeno,Indeterminado,"F√™mea
Est√° no SMBEA
Local: Bem-estar animal
Av. Boqueir√£o, 1985",https://www.instagram.com/p/C6mkgtcJDe0,
2024-05-05_21-56-55_UTC,Indeterminada,Cinza e branco,Pequeno,10,"F√™mea
Est√° no SMBEA
Local: Bem-estar animal
Av. Boqueir√£o, 1985",https://www.instagram.com/p/C6mkjp7JXY5,
2024-05-05_22-01-47_UTC,Indeterminada,Preto e branco,M√©dio,15,"F√™mea Est√° no SMBEA Local: Bem-estar animal Av. Boqueir√£o, 1985",https://www.instagram.com/p/C6mlHS-JV50,
2024-05-05_22-02-07_UTC,Indeterminada,Creme,Pequeno,6,"Macho Est√° no SMBEA Local: Bem-estar animal Av. Boqueir√£o, 1985",https://www.instagram.com/p/C6mlJ0rpQPE,
2024-05-05_22-02-26_UTC,Indeterminada,Marrom,Pequeno,Indeterminado,"Macho
Est√° no SMBEA
Local: Bem-estar animal
Av. Boqueir√£o, 1985",https://www.instagram.com/p/C6mlMIGpsST,
2024-05-05_22-23-19_UTC,Indeterminada,Marrom,M√©dio,20,"C√£o 3 patas
Est√° no SMBEA
Local: Bem-estar animal
Av. Boqueir√£o, 1985",https://www.instagram.com/p/C6mnlC-JsSV,
2024-05-05_22-59-13_UTC,Indeterminada,Cinza,Pequeno,Indeterminado,Macho Est√° no Bem Estar Animal,https://www.instagram.com/p/C6mrsABpbRp,
2024-05-05_23-00-50_UTC,Indeterminada,Preto,M√©dio,20,"Est√° no SMBEA
Local: Bem-estar animal
Av. Boqueir√£o, 1985",https://www.instagram.com/p/C6mr30rJG7t,
2024-05-05_23-01-05_UTC,Indeterminada,preto e branco,medio,25,"Est√° no SMBEA Local: Bem-estar animal Av. Boqueir√£o, 1985",https://www.instagram.com/p/C6mr5uuJnx5,
2024-05-05_23-01-20_UTC,Indeterminada,Preto e cinza,Pequeno,10,"Est√° no SMBEA
Local: Bem-estar animal
Av. Boqueir√£o, 1985",https://www.instagram.com/p/C6mr7hdJg9L,
2024-05-05_23-01-35_UTC,Indeterminada,Preto e castanho,M√©dio,20,"Est√° no SMBEA Local: Bem-estar animal Av. Boqueir√£o, 1985",https://www.instagram.com/p/C6mr9UfJ0LS,
2024-05-05_23-03-05_UTC,Indeterminada,Preto e branco,M√©dio,20,"Est√° no SMBEA Local: Bem-estar animal Av. Boqueir√£o, 1985",https://www.instagram.com/p/C6msIW6pzV6,
2024-05-05_23-13-24_UTC,Indeterminada,Preto e bege,M√©dio,20,"Est√° no SMBEA Local: Bem-estar animal Av. Boqueir√£o, 1985",https://www.instagram.com/p/C6mtT4dJCrf,
2024-05-05_23-20-40_UTC,Indeterminada,Preto e Marrom,M√©dio,20,"Est√° no SMBEA Local: Bem-estar animal Av. Boqueir√£o, 1985",https://www.instagram.com/p/C6muJGhpt2b,
2024-05-05_23-50-32_UTC,Indeterminada,Preto com branco,M√©dio,20,,https://www.instagram.com/p/C6mxj2uJOiB,"Est√° no SMBEA
Local: Bem-estar animal
Av. Boqueir√£o, 1985"
2024-05-05_23-52-05_UTC,Indeterminada,Branco com preto,M√©dio,20,,https://www.instagram.com/p/C6mxvKDp05o,"Est√° no SMBEA
Local: Bem-estar animal
Av. Boqueir√£o, 1985"
2024-05-05_23-52-55_UTC,Indeterminada,Caramelo,M√©dio,20,,https://www.instagram.com/p/C6mx1WqpG-U,"Est√° no SMBEA
Local: Bem-estar animal
Av. Boqueir√£o, 1985"
2024-05-05_23-53-53_UTC,Indeterminada,Bege e preto,Pequeno,10,,https://www.instagram.com/p/C6mx8anJ1B-,"Est√° no SMBEA
Local: Bem-estar animal
Av. Boqueir√£o, 1985"
2024-05-05_23-54-36_UTC,Indeterminada,Cinza,Grande,30,,https://www.instagram.com/p/C6myBrlJ6MQ,"Est√° no SMBEA
Local: Bem-estar animal
Av. Boqueir√£o, 1985"
2024-05-05_23-55-40_UTC,Pastor Alem√£o,Preto e dourado,Grande,30,,https://www.instagram.com/p/C6myJdrpohI,"Est√° no SMBEA
Local: Bem-estar animal
Av. Boqueir√£o, 1985"
2024-05-05_23-56-12_UTC,Indeterminada,Preto,M√©dio,20,,https://www.instagram.com/p/C6myNXFJiOp,"Est√° no SMBEA
Local: Bem-estar animal
Av. Boqueir√£o, 1985"
2024-05-05_23-56-50_UTC,Indeterminada,Marrom,M√©dio,20,,https://www.instagram.com/p/C6mySCMp3vW,"Est√° no SMBEA
Local: Bem-estar animal
Av. Boqueir√£o, 1985"
2024-05-05_23-57-44_UTC,Indeterminada,Preto e branco,M√©dio,20,,https://www.instagram.com/p/C6myYjppuh6,"Est√° no SMBEA
Local: Bem-estar animal
Av. Boqueir√£o, 1985"
2024-05-06_00-14-33_UTC,Indeterminada,Cinza,M√©dio,20,,https://www.instagram.com/p/C6m0Tt-polh,"Est√° no SMBEA
Local: Bem-estar animal
Av. Boqueir√£o, 1985"
2024-05-06_00-14-53_UTC,Indeterminada,Bege,M√©dio,20,,https://www.instagram.com/p/C6m0WPXJ3_R,"F√™mea idosa 
Com tumor grande.
Est√° bem estar Animal"
2024-05-06_00-15-25_UTC,Indeterminada,Bege,Medio,15,,https://www.instagram.com/p/C6m0aEtpwen,"Est√° no SMBEA
Local: Bem-estar animal
Av. Boqueir√£o, 1985"
2024-05-06_00-17-23_UTC,Indeterminada,Bege,M√©dio,15,,https://www.instagram.com/p/C6m0ofZp7kn,"Est√° no SMBEA
Local: Bem-estar animal
Av. Boqueir√£o, 1985"
2024-05-06_00-18-09_UTC,Indeterminada,Preto,Grande,30,,https://www.instagram.com/p/C6m0uKdJKbn,"Est√° no SMBEA
Local: Bem-estar animal
Av. Boqueir√£o, 1985"
2024-05-06_00-19-46_UTC,Indeterminada,Marrom e branco,Medio,20,,https://www.instagram.com/p/C6m05-wp6RK,"Est√° no SMBEA
Local: Bem-estar animal
Av. Boqueir√£o, 1985"
2024-05-06_00-28-02_UTC,Indeterminada,Preto,Grande,30,,https://www.instagram.com/p/C6m12fsJcPP,"Pitbull macho .
Est√° no Bem Estar Animal"
2024-05-06_01-39-28_UTC,Indeterminada,Laranja,M√©dio,20,,https://www.instagram.com/p/C6m-BwPNCdN,"Est√° no SMBEA
Local: Bem-estar animal
Av. Boqueir√£o, 1985"
2024-05-06_01-40-03_UTC,Indeterminada,Dourado,Medio,20,,https://www.instagram.com/p/C6m-F9uNv2g,"Est√° no SMBEA
Local: Bem-estar animal
Av. Boqueir√£o, 1985"
2024-05-06_01-40-35_UTC,Indeterminada,Cinza Brindle,M√©dio,30,,https://www.instagram.com/p/C6m-J6ONqoU,"Est√° no SMBEA
Local: Bem-estar animal
Av. Boqueir√£o, 1985"
2024-05-06_01-42-16_UTC,Indeterminada,Tricolor,M√©dio,20,,https://www.instagram.com/p/C6m-WKntzI8,"Est√° no SMBEA
Local: Bem-estar animal
Av. Boqueir√£o, 1985"
2024-05-06_01-42-53_UTC,Indeterminada,Marrom e Preto,Medio,20,,https://www.instagram.com/p/C6m-awGN3qm,"Est√° no SMBEA
Local: Bem-estar animal
Av. Boqueir√£o, 1985"
2024-05-06_01-43-24_UTC,Indeterminada,Marrom,M√©dio,20,,https://www.instagram.com/p/C6m-eiPtFSH,"Est√° no SMBEA
Local: Bem-estar animal
Av. Boqueir√£o, 1985"
2024-05-06_01-44-42_UTC,Indeterminada,Marrom e Preto,M√©dio,15,,https://www.instagram.com/p/C6m-n_Ct2Le,"Est√° no SMBEA
Local: Bem-estar animal
Av. Boqueir√£o, 1985"
2024-05-06_01-45-11_UTC,Indeterminada,Branco e Preto,M√©dio,20,,https://www.instagram.com/p/C6m-rjWN7xw,"Est√° no SMBEA
Local: Bem-estar animal
Av. Boqueir√£o, 1985"
2024-05-06_01-45-43_UTC,Indeterminada,Preto e branco,Grande,30,,https://www.instagram.com/p/C6m-vdctuV2,"Est√° no SMBEA
Local: Bem-estar animal
Av. Boqueir√£o, 1985"
2024-05-06_01-46-12_UTC,Indeterminada,Marrom,M√©dio,20,,https://www.instagram.com/p/C6m-y-etTgI,"Est√° no SMBEA
Local: Bem-estar animal
Av. Boqueir√£o, 1985"
2024-05-06_01-47-12_UTC,Indeterminada,Variada,M√©dio,15,,https://www.instagram.com/p/C6m-6YCNEKG,"Est√° no SMBEA
Local: Bem-estar animal
Av. Boqueir√£o, 1985"
2024-05-06_01-47-43_UTC,Indeterminada,Branca,M√©dio,20,,https://www.instagram.com/p/C6m--EQt0XY,"Est√° no SMBEA
Local: Bem-estar animal
Av. Boqueir√£o, 1985"
2024-05-06_01-48-15_UTC,Indeterminada,Marrom com preto,Grande,30,,https://www.instagram.com/p/C6m_CAutlo0,"Est√° no SMBEA
Local: Bem-estar animal
Av. Boqueir√£o, 1985"
2024-05-06_01-49-17_UTC,Indeterminada,Preto e marrom,M√©dio,20,,https://www.instagram.com/p/C6m_JjkNcHH,"Est√° no SMBEA
Local: Bem-estar animal
Av. Boqueir√£o, 1985"
2024-05-06_01-49-45_UTC,Indeterminada,Preto,Grande,30,,https://www.instagram.com/p/C6m_NEENMi5,"Est√° no SMBEA
Local: Bem-estar animal
Av. Boqueir√£o, 1985"
2024-05-06_04-14-34_UTC,Indeterminada,Variada,Grande,Indeterminado,"Precisamos de volunt√°rios a partir das 5h, pra cuidar dessa galeria pq o pessoal ta virado j√° sem dormir mais de 24h. Col√©gio 1 Guajuviras Rua Andr√© Lu√≠z dos Anjos Concei√ß√£o, 116 CANOAS, RIO GRANDE DO SUL",https://www.instagram.com/p/C6nPxDnsn0P,
2024-05-06_12-51-01_UTC,Indeterminada,Preto e caramelo,M√©dio,20,,https://www.instagram.com/p/C6oK1tjOrap,"Est√£o no SMBEA
Local: Bem-estar animal
Av. Boqueir√£o, 1985"
2024-05-06_12-52-10_UTC,Indeterminada,Marrom Claro,M√©dio,20,,https://www.instagram.com/p/C6oK-duubhd,"Est√£o no SMBEA
Local: Bem-estar animal
Av. Boqueir√£o, 1985"
2024-05-06_20-35-48_UTC,Indeterminada,Preto e branco,M√©dio,20,"ESTAMOS PROCURANDO O ""SLINK"" ELE √â DO NOSSO AMIGO @MATHEUSDLORETO ESTAVA NO CENTRAL PARK - CANOAS SE VCS VIRAM EM ALGUM LOCAL, NOS AVISEM QUE VAMOS BUSCAR!! Desaparecido",https://www.instagram.com/p/,
2024-05-06_20-38-50_UTC,Indeterminada,Preto e branco,M√©dio,Indeterminado,"√â a VALENTINA E A MARGARIDA GENTE ME AJUDEM TENTAR ACHAR MINHAS CADELAS, ME DISSERAM QUE TEM CHANCE DELAS ESTAREM VIVAS, ME AJUDEM A COMPARTILHAR Desaparecidas",https://www.instagram.com/p/,
2024-05-06_20-39-28_UTC,gato,cinza,pequeno,4,"GENTE A GATA ESTAVA NA AVENIDA RIO GRANDE DO SUL E O NOME DELA √â FI ELA EST√Å OU ESTAVA NA AV RIO GRANDE DO SUL 3796 MATHIAS VELHO N√ÉO SEI SE FOI RESGATADA OU SE ELA EST√Å NO TELHADO, PQ ELA TAVA DENTRO DE CASA E EU N√ÉO SEI SE ELA MORREU OU N√ÉO. T√î DESESPERADA. QUERIA UM RESGATE PRA ELA OU SE ALGU√âM FOR L√Å N√ÉO SEIII Desaparecida",https://www.instagram.com/p/,
2024-05-06_20-40-28_UTC,Indeterminada,Marrom e preto,M√©dio,15,Desaparecidas,https://www.instagram.com/p/,
2024-05-06_20-41-12_UTC,gato,Laranja/Preto,pequeno,4,"Por favor!!! @meubichotasalvocanoas Estou procurando meus gatinhos Fa√≠sca e Frida Est√£o no condom√≠nio Alamedas de Bragan√ßa, 1250 - casa 50/ Rio Branco Desaparecidos",https://www.instagram.com/p/,
2024-05-06_20-41-58_UTC,Indeterminada,Amarelo,M√©dio,15,"Desaparecida gabrielrcarmo BAIRRO RIO BRANCO CANOAS [emoji de luz vermelha] Se algu√©m ver alguma informa√ß√£o, caso encontrem ela, por favor avisem. Amigos e conhecidos do MC, a Magrela ainda est√° desaparecida... [caixa com um endere√ßo de Instagram] [caixa com um endere√ßo de Instagram]",https://www.instagram.com/p/,
2024-05-06_20-42-36_UTC,Indeterminada,Preto; Caramelo,Medio; Medio,20; 15,Urgente Precisamos aqui na Ulbra de canoas casinhas e baias para os cachorros estamos usando mesas como divis√≥ria mas tem muito cachorro e n√£o para de chegar @meubichotasalvocanoas,https://www.instagram.com/p/,
2024-05-06_20-43-17_UTC,Pastor Alem√£o,Preto e amarelo,Grande,30,tamiressaldanha_lash Os outros 2 cachorro que t√≠nhamos achamos Mas a zaira n√£o @meubichotasalvocanoas Pessoal se ver alguma postagem avisa üôè Desaparecida Zaira,https://www.instagram.com/p/,
2024-05-06_20-43-57_UTC,gato,preto e branco,pequeno,4,"Gente a nossa gatinha fugiu de casa antes da enchente e ainda est√° perdida, atende pelo nome Frajola. Est√° com a mesma coleira rosa, muito d√≥cil! Por favor, se virem alguma parecida, mandem informa√ß√µes pra n√≥s @meubichotasalvocanoas Desaparecida",https://www.instagram.com/p/,
2024-05-06_20-44-24_UTC,Indeterminada,Amarelo e Preto,Medio,Indeterminado,oi pessoal de canoas-Mathias velho. Perdi meus dois pets na enchente de sexta. Na rua Lavras 140 se alguem por acaso ver algum deles em um abrigo... Desaparecidos,https://www.instagram.com/p/,
2024-05-06_20-46-42_UTC,gato,Indeterminada,pequeno,4,"itz.pyetrags Kiara- f√™mea Joel- macho estamos a procura dos nossos gatos. √â pra estarem na RUA LAVRAS, 230 na Mathias velho. Est√£o precisando de resgate por favor! Desaparecidos",https://www.instagram.com/p/,
2024-05-06_20-47-32_UTC,Inderterminada,Preto e Branco,Medio,Indeterminado,Desaparecidas Meus bichinhos que est√£o desaparecidos Todas as f√™meas s√£o castradas. Bairro Rio Branco @meubichotosalvocanoas,https://www.instagram.com/p/,
2024-05-06_20-48-37_UTC,Indeterminada,Branco e marrom,Pequeno,Indeterminado,"@www.mah_i7 8 h o9rr.tsgrd√ßao @acontecimentoscanoas @meubichotalsvocanoas @prefcanoas gente essa aq √© a polar, qm poder compartilhar para tentar achar ela pfvr vcs podem me ajudar! ela √© tudo pra mim, ela est√° no terceiro andar presa, n√£o deixaram levar ela Me ajudem pfvr üôè Rua campinas 780, no lado esquerdo no segundo bloco pfvr me ajudem üòî Desaparecida",https://www.instagram.com/p/,
2024-05-06_20-50-50_UTC,Beagle,Tricolor,M√©dio,10,"PROCURO!!! FORAM RESGATADOS DE BARCO, PRECISO ENCONTR√Å-LOS! BEAGLE MACHO - PIPOCA BEAGLE F√äMEA - MILA Desaparecidos",https://www.instagram.com/p/,
2024-05-06_20-51-43_UTC,Indeterminada,Marrom,M√©dio,20,@meubichotasalvocanoas GARDEN & CONTAINERS Resgatado,https://www.instagram.com/p/,
2024-05-06_20-59-19_UTC,Indeterminada,Indeterminada,Indeterminado,,"fabyelly_prado PROCURA-SE FOFA FLOR Elas s√£o da indio sep√©, em frente a rua clube de m√£es/ santo oper√°rio Se alguem tiver alguma informa√ß√£o sobre elas, onde est√£o se foram resgatadas, se estao seguras em algum abrigo por favor entre em contato! (51) 982228157 ou (55)984371932",https://www.instagram.com/p/,
2024-05-06_20-59-56_UTC,Indeterminada,Preto e branco,M√©dio,20,"ESTAMOS PROCURANDO O 'SLINK' ELE √â DO NOSSO AMIGO @MATHEUSDLORETO ESTAVA NO CENTRAL PARK - CANOAS SE VCS VIRAM EM ALGUM LOCAL, NOS AVISEM QUE VAMOS BUSCAR!! Desaparecido",https://www.instagram.com/p/,
2024-05-06_21-00-23_UTC,Indeterminada,Preto e Marrom,M√©dio,20,"Resgatado
@laurarodri_
ENCONTRADO NO BAIRRO NOSSA SENHORA DAS GRACAS PERTO DAS NA√á√ïES UNIDAS
üìç canoas
Se algu√©m o reconhecer, me chama na dm, ele est√° em seguran√ßa,",https://www.instagram.com/p/,
2024-05-06_21-00-57_UTC,Rottweiler,Preto e marrom,Grande,50,Resgate por favor SOS Rua dos pintores 422 D√≥cil Thor @meubichotasalvocanoas Desaparecido,https://www.instagram.com/p/,
2024-05-06_21-59-03_UTC,Indeterminada,Marrom,M√©dio,20,Desaparecido @qcherobom,https://www.instagram.com/p/,
2024-05-06_21-59-59_UTC,Labrador,Chocolate,Grande,30,"Gente, pelo amor de Deus, se encontrarem um labrador chocolate, que atende pelo nome de Ozzy, Nego ou Veludo (sim, ele atende por todos os nomes), POR FAVOR NOS AVISEM. Sumiu de dentro de casa, nas inunda√ß√µes e possivelmente, foi resgatado.",https://www.instagram.com/p/,
2024-05-06_22-01-06_UTC,Indeterminada,Branco e marrom,M√©dio,20,"@gutojmartins @meubichotasalvocanoas Macho Local: Fiat Lux 33, Igara - Canoas Resgatado",https://www.instagram.com/p/,
2024-05-06_22-01-25_UTC,Indeterminada,Preto,M√©dio,20,"Macho Local: Fiat Lux 33, Igara - Canoas Resgatado",https://www.instagram.com/p/,
2024-05-06_22-02-11_UTC,Indeterminada,Marrom e preto,Pequeno,3,"@gutojmartins @meubichotasalvocanoas Macho Local: Fiat Lux 33, Igara - Canoas Resgatado",https://www.instagram.com/p/,
2024-05-06_22-03-14_UTC,Indeterminada,Marrom,Medio,20,"@gutojmartins @meubichotasalvocanoas F√™mea Local: Fiat Lux 33, Igara ‚Äì Canoas Resgatada",https://www.instagram.com/p/,
2024-05-06_22-05-01_UTC,Indeterminada,Marrom,M√©dio,20,F√äMEA BEM ESTAR ANIMAL,https://www.instagram.com/p/,
2024-05-06_22-05-49_UTC,Indeterminada,Bege,M√©dio,20,"@gutojmartins @meubichotasalvocanoas F√™mea Local: Fiat Lux 33, Igara - Canoas Resgatada",https://www.instagram.com/p/,
2024-05-06_22-06-02_UTC,Indeterminada,Marrom,Pequeno,10,"F√™mea Local: Fiat Lux 33, Igara - Canoas Resgatada",https://www.instagram.com/p/,
2024-05-06_22-06-17_UTC,Indeterminada,Marrom,M√©dio,Indeterminado,F√äMEA BEM ESTAR ANIMAL,https://www.instagram.com/p/,
2024-05-06_22-06-23_UTC,Indeterminada,Preto/Cinza,Pequeno,10,"F√™mea Local: Fiat Lux 33, Igara - Canoas Resgatada",https://www.instagram.com/p/,
2024-05-06_22-06-39_UTC,Indeterminada,Preto,Pequeno,15,"F√™mea *tem problema de pelo, pode ter sarna Local: Fiat Lux 33, Igara - Canoas Resgatada",https://www.instagram.com/p/,
2024-05-06_22-06-55_UTC,Indeterminada,Caramelo,Pequeno,5,"@gutojmartins @meubichotasalvocanoas F√™mea Local: Fiat Lux 33, Igara - Canoas Resgatada",https://www.instagram.com/p/,
2024-05-06_22-07-54_UTC,Indeterminada,Marrom,Pequeno,10,F√äMEA BEM ESTAR ANIMAL,https://www.instagram.com/p/,
2024-05-06_22-18-22_UTC,Indeterminada,Branco com manchas,Pequeno,5,"Pessoal estes s√£o meus dois c√£es infelizmente n√£o conseguimos retirar eles, Atendem por Bilu e Tobby. Se algu√©m tiver informa√ß√µes favor nos contatar!!! Desaparecidos",https://www.instagram.com/p/,
2024-05-06_22-18-54_UTC,Gato,V√°rias cores,Pequeno,4,"Jo√£ozinho Pr√≠ncipe Coco, obrdi Por favor gente se algu√©m souber onde est√£o levando os gatos me avisem, mais dolor√≠do que perder as nossas coisas √© s√≥ perder os nossos beb√™s Desaparecidos",https://www.instagram.com/p/,
2024-05-06_22-21-00_UTC,Indeterminada,Marrom e branco,M√©dio,Indeterminado,"MACHO, ATENDE POR BETOVEN. √öLTIMA VEZ VISTO NA RUA FAGUNDES VARELA, HARMONIA EM CANOAS!!! OBS: ELE TEM A PONTA DA CAUDA SEM PELOS!! DESAPARECIDOSüö®üö®üö® SE ALGU√âM SOUBER DE ALGO POR FAVOR ENTRAR EM CONTATO COMIGO!!! F√äMEA, ATENDE POR ATENA. √öLTIMA VEZ VISTA NA RUA PLANALTO, MATHIAS VELHO EM CANOAS!!! Desaparecidos",https://www.instagram.com/p/,
2024-05-06_22-23-33_UTC,Indeterminada,Preto e Marrom,Pequeno,5,"@gutojmartins @meubichotasalvocanoas Macho Local: Fiat Lux 33, Igara - Canoas Resgatado",https://www.instagram.com/p/,
2024-05-06_22-23-50_UTC,Indeterminada,Marrom claro,Pequeno,10,"Macho
Local: Fiat Lux 33, Igara - Canoas
Resgatado",https://www.instagram.com/p/,
2024-05-06_22-24-17_UTC,Indeterminada,Marrom,Pequeno,5,"F√™mea Local: Fiat Lux 33, Igara - Canoas Resgatada",https://www.instagram.com/p/,
2024-05-06_22-24-41_UTC,Indeterminada,Branco/Creme,Pequeno,5,"@gutojmartins @meubichotasalvocanoas Local: Fiat Lux 33, Igara - Canoas Resgatada",https://www.instagram.com/p/,
2024-05-06_22-25-06_UTC,Indeterminada,Branco e Preto,M√©dio,15,"@gutojmartins @meubichotasalvocanoas F√™mea Local: Fiat Lux 33, Igara - Canoas Resgatada",https://www.instagram.com/p/,
2024-05-06_22-25-30_UTC,Indeterminada,Bege e preto,Medio,20,"@gutojmartins @meubichotasalvocanoas Bem gorda e extremamente d√≥cil, da pata F√™mea Local: Fiat Lux 33, Igara ‚Äì Canoas Resgatado",https://www.instagram.com/p/,
2024-05-06_22-25-46_UTC,Indeterminada,Marrom,Pequeno,10,"@meubichotasalvocanoas F√™mea Local: Fiat Lux 33, Igara - Canoas Resgatada",https://www.instagram.com/p/,
2024-05-06_22-26-15_UTC,Indeterminada,Branco e Marrom,M√©dio,20,"@gutojmartins @meubichotasalvocanoas Macho Local: Fiat Lux 33, Igara - Canoas Resgatada",https://www.instagram.com/p/,
2024-05-06_22-27-14_UTC,Indeterminada,Marrom/Caramelo,M√©dio,10,"F√™mea Local: Fiat Lux 33, Igara - Canoas Resgatada",https://www.instagram.com/p/,
2024-05-06_22-28-37_UTC,Indeterminada,Loiro e branco,Pequeno,Indeterminado,"Pessoal, minha cachorrinha Frida fugiu do bairro Est√¢ncia Velha no s√°bado de manh√£ na rua Xangri L√°, pois estava com medo. Quem viu ela me contate ou me informa algum abrigo pr√≥ximo, por favor! Ela est√° bem peluda como a entrar em contato com @cl_sponchiado Desaparecida",https://www.instagram.com/p/,
2024-05-06_22-28-57_UTC,gato,preto e marrom,pequeno,4,Desaparecida,https://www.instagram.com/p/,
2024-05-06_22-29-35_UTC,Indeterminada,Preto e caramelo,M√©dio,Indeterminado,"F√™mea
Local: Fiat Lux 33, Igara
- Canoas
Resgatada",https://www.instagram.com/p/,
2024-05-06_22-30-08_UTC,Indeterminada,Indeterminada,Indeterminado,Indeterminado,"URGENTE Precisamos de ajuda para resgatar os cachorros -cordas para amarrar os cachorros resgatados -caixa de transporte de cachorros Rua Brasil 384, Harmonia - CANOAS @GUIL_FAGUNDEESSS @MEUBICHOTASALVOCA @PETSPERDIDOSCANOA TIREM PRINT E REPOSTEM N√ÉO CONSIGO MARCAR",https://www.instagram.com/p/,
2024-05-06_22-31-28_UTC,Cane Corso,Tigrado,Grande,45,"AINDA ESTAMOS NAS BUSCAS POR ELA! Procura-se Malu! Ra√ßa cane corso, √© f√™mea. √öltimas informa√ß√µes que tivemos √© que ela estava no telhado da casa, na rua florian√≥polis, 1070, esquina com a maia filho, do lado de um posto de gasolina. Caso algu√©m encontre, pe√ßo que entre em contato, estamos desesperados! (51) 98906-0041 Milena. Desaparecida",https://www.instagram.com/p/,
2024-05-06_22-32-17_UTC,Gato,Preto e Branco,Pequeno,3,Desaparecido,https://www.instagram.com/p/,
2024-05-06_22-44-17_UTC,Gato,Preta e Tigrada,Pequeno,4,Desaparecidos,https://www.instagram.com/p/,
2024-05-06_22-45-16_UTC,Indeterminada,Branco com manchas,Grande,30,F√äMEA PRECISA DE LAR TEMPOR√ÅRIO SOLID√ÅRIO A CASA DO DONO ALAGOU. 5199547-7143,https://www.instagram.com/p/,
2024-05-06_22-45-35_UTC,Indeterminada,Preto e branco,M√©dio,20,Estamos procurando a Amora! Vimos o v√≠deo dela sendo resgatada agora s√≥ temos que saber onde ela est√°! Desaparecida,https://www.instagram.com/p/,
2024-05-06_22-46-54_UTC,gato,Cinza e branco,pequeno,4,Se alguem tiver visto nossa gatinha ficava na rua piratini atende por juju ‚ù§Ô∏è Desaparecida,https://www.instagram.com/p/,
2024-05-06_22-47-38_UTC,Indeterminada,Tricolor,medio,10,"F√™mea, porte M @meubichotasalvocanoas Lar tempor√°rio na estadia velha (estava no SEBEA) Resgatada",https://www.instagram.com/p/,
2024-05-06_22-48-12_UTC,Indeterminada,Variada,Variado,Variado,PROCURA-SE Wednesday Marley Esther T'challa Desaparecidos,https://www.instagram.com/p/,
2024-05-06_22-52-13_UTC,Indeterminada,V√°rias cores,Pequeno,Indeterminado,"@renan_dinarte @meubichotasalvocanoas @achemebichinho_canoas Gente meus 4 bichinhos acabaram ficando pra tr√°s na boa esperan√ßa 1226, rio branco Se algu√©m ver eles ou tiver not√≠cias por favor me avisem Fa√≠sca Fuma√ßa Picol√© Bob Desaparecidos",https://www.instagram.com/p/,
2024-05-06_22-53-49_UTC,Indeterminada,Indeterminada,Indeterminado,Indeterminado,"Pessoal, nossos bichinhos ainda est√£o no segundo/terceiro andar na RUA MARIA ISABEL 124, HARMONIA, CANOAS S√£o 4 cachorros e 2 gatos (dentro da caixinha) IMPLORO POR AJUDA Fica ao lado do mercado Harmonia, h√° entrada pela rua de tr√°s, conforme mostra acima Resgate de animais - Harmonia",https://www.instagram.com/p/,
2024-05-06_22-54-30_UTC,gato,marrom e branco,pequeno,5,"Est√° desaparecido, no bairro Mathias Velho, perto do HPS Atende por Alem√£o @MEUBICHOTASALVOCANOAS Desaparecido",https://www.instagram.com/p/,
2024-05-06_22-54-48_UTC,Indeterminada,Preto,M√©dio,20,Resgatado,https://www.instagram.com/p/,
2024-05-06_22-55-41_UTC,Indeterminada,Preto e castanho,M√©dio,15,"@esicardenascanoas precisamos de volunt√°rios para revezamento e ajudar a noite @animaisresgatadosmathias 0:33 Pessoal, precisamos da ajuda @gardencontainerscanoas",https://www.instagram.com/p/,
2024-05-06_22-56-25_UTC,Indeterminada,Caramelo,Pequeno,10,Desaparecido,https://www.instagram.com/p/,
2024-05-06_22-58-13_UTC,gato,"branco e laranja, branco e preto",pequeno,4,dani_daneinheimer GENTE N√ÉO CONSEGUIMOS PEGAR NOSSOS GATINHOS ELES SE ASSUSTARAM BUGIO O NOME DO PRETO LINDA O NOME DA BRANCA QUEM SABE AS PESSOAS O T√ÉO RESGATANDO POR FAVOR MANDEM PRA ELES NA RUA BEIRA CAMPOS 125 HARMONIA CANOAS @MEUBICHOTASALVOCANOAS @ACHESEUPETRS Desaparecidos,https://www.instagram.com/p/,
2024-05-06_22-59-00_UTC,Indeterminada,Branco/Cinza,Grande,30,Por favor quem achou ela me avise ela estava na math√≠as @meubichotasalvocanoas @animaisresgatadosmathias Desaparecida,https://www.instagram.com/p/,
2024-05-06_22-59-01_UTC,Indeterminada,Indeterminada,Indeterminado,Indeterminado,"BEM ESTAR ANIMAL Av. Boqueir√£o, 1985 - Igara, Canoas - RS, 92410-350",https://www.instagram.com/p/,
2024-05-06_22-59-09_UTC,Indeterminada,Variada,Medio,Indeterminado,"""BEM ESTAR ANIMAL"" Av. Boqueir√£o, 1985 - Igar√°, Canoas - RS, 92410-350",https://www.instagram.com/p/,
2024-05-06_22-59-22_UTC,gato,variada,pequeno,4,por favor quem tiver not√≠cia desses dois gatos me manda dm. s√£o da minha amiga q estava na rua henrique dias na rio branco. atendem por MIA e VINI. @meubichotossalvoc√£es os dois s√£o castrados macho f√™mea,https://www.instagram.com/p/,
2024-05-06_22-59-55_UTC,Indeterminada,Marron/Preto,Medio,Indeterminado,51989690226 Se vir por favor chama no WhatsApp. Estava com coleira rosa Desaparecidas,https://www.instagram.com/p/,
2024-05-06_23-03-55_UTC,Indeterminada,Indeterminada,Indeterminado,Indeterminado,POR FAVOR VOLUNT√ÅRIOS PARA O GALP√ÉO DA ULBRA TEM MAIS DE 940 ANIMAIS.,https://www.instagram.com/p/,
2024-05-06_23-06-41_UTC,Golden Retriever,Dourado,Grande,30,"POR FAVOR se tem algu√©m resgatando bichinhos, esses s√£o os cachorros da @aline_10043 foram perdidos em meio a enchente no bairro HARMONIA, s√£o da Rua Dom Pedro I, 408! Caso algu√©m tenha passado por ali e os encontrados ou lugares pr√≥ximos entre em contato comigo!! Simba e biju Desaparecidos",https://www.instagram.com/p/,
2024-05-06_23-07-00_UTC,Indeterminada,Marrom,M√©dio,15,"Por favor se alguem viu esse cachorrinho por favor me avisem, estou bastante preocupada n√≥s e os vizinhos davamos comida para ele √© para outros cachorrinhos na Rua Das Costureiras, Bairro Harmonia Canoas @meubichotasalvocanoas @petresgatado_canoas @petresgatado_canoas Desaparecido",https://www.instagram.com/p/,
2024-05-06_23-07-04_UTC,Indeterminada,Marrom,M√©dio,20,"Resgatado no Bairro F√°tima, √† procura do seu dono. @meubichotasalvocanoas Pit filhote! Compartilhem por favor, ele tem dono! Ver tradu√ß√£o s.gabbiee Enviar mensagem",https://www.instagram.com/p/,
2024-05-06_23-07-13_UTC,Indeterminada,Marrom com Preto,Grande,Indeterminado,"CACHORRO PROCURADO! Estamos a procura. Thor, 11 anos, estava na rua Primavera 847, Rio Branco. Estava soltando bastante pelo, tem dificuldade para caminhar devido a idade. @claudia_reder @alisson_b_souza",https://www.instagram.com/p/,
2024-05-06_23-08-38_UTC,Indeterminada,Marrom,Pequeno,5,"Renata
Desaparecida
Estamos em Niter√≥i e ela fugiu de n√≥s
Acreditamos que algu√©m tenha recolhido pois andamos todas as ruas
Qualquer coisa contato comigo
51986078824
Desaparecida",https://www.instagram.com/p/,
2024-05-06_23-10-50_UTC,Indeterminada,Marrom,M√©dio,20,ESCOLA CARLOS DRUMMOND DE ANDRADE gabriela_ximines @meubichotasalvocanoas QUEM PROCURA SEUS ANIMAIS TEM MUITOS L√Å,https://www.instagram.com/p/,
2024-05-06_23-12-13_UTC,Inderterminada,Preto,Pequeno,5,"F√™mea
Local: Fiat Lux 33, Igara
Canoas
gutojmartins
@meubichotasalvocanoas",https://www.instagram.com/p/,
2024-05-06_23-12-21_UTC,Indeterminada,Preto e branco,M√©dio,,"@meubichotasalvocanoas F√™mea Local: Fiat Lux 33, Igara - Canoas",https://www.instagram.com/p/,
2024-05-06_23-12-27_UTC,Indeterminada,Preto e branco,M√©dio,15,"F√™mea
Local: Fiat Lux 33, Igara - Canoas",https://www.instagram.com/p/,
2024-05-06_23-26-29_UTC,Chow Chow,Preta,M√©dio,25,PROCURA-SE Entrar em contato com (51)996515035 - Carolina Costa Atende pelo nome MORENA ROSA . CHOWCHOW PRETA COM L√çNGUA ROXA . Aproximadamente 9 ANOS . Fugiu do estacionamento da UNILASALLE . PE√áO COMO√á√ÉO POIS A DONA √â UMA SENHORA DE IDADE E A √öNICA COISA QUE CONSEGUIU SALVAR FOI ELA! @meubichotasalvocanoas @petsperdidoscanaoas,https://www.instagram.com/p/,
2024-05-06_23-26-55_UTC,Bully,Cinza,M√©dio,30,Zulema: cinza com orelhas ca√≠das e j√° teve cria(Bully) Perdida Chamar: 51993823742,https://www.instagram.com/p/,
2024-05-06_23-26-57_UTC,Micro Bully,Preto e branco,M√©dio,20,Athena Athena:cega de um olho e √© uma micro Bully Perdida Chamar: 51993823742 √öltima vez no F√°tima,https://www.instagram.com/p/,
2024-05-06_23-27-02_UTC,Pitbull red nose,Marrom,M√©dio,20,"Cacau Cacau: j√° teve cria, tem grandes orelhas e √© uma Pitbull red nose Perdida Chamar: 51993823742",https://www.instagram.com/p/,
2024-05-06_23-27-06_UTC,Bully,preto,medio,30,"Perdido Chamarr:51993823742 Bradock Bradock: n√£o √© castrado,preto com uma mancha na boca,(Bully)",https://www.instagram.com/p/,
2024-05-06_23-27-18_UTC,Indeterminada,Variada,M√©dio,15,ALGUNS DOS PETS QUE EST√ÉO NO GALP√ÉO ACUCENA 1546,https://www.instagram.com/p/,
2024-05-06_23-27-22_UTC,Indeterminada,Variada,M√©dio,20,RESGATADOS ACUCENA 1546,https://www.instagram.com/p/,
2024-05-06_23-27-32_UTC,Pitbull,Caramelo,M√©dio,20,"PITBULL ENCONTRADO NA RUA CORONEL VICENTE PR√ìXIMO A ESTA√á√ÉO TRENSURB NO CENTRO. TINHA UMA FAIXA ROSA DE JIU-JITSU AMARRADA NO PESCO√áO. SE ALGU√âM CONHECER O DONO, FAVOR AVISAR! @MEUBICHOTASALVOCANOAS",https://www.instagram.com/p/,
2024-05-06_23-27-58_UTC,Indeterminada,Diversas,M√©dio,20,RESCATADOS ACUCENA 1546,https://www.instagram.com/p/,
2024-05-06_23-28-38_UTC,Indeterminada,Variada,M√©dio,20,patroascanoas RESGATADOS ACUCENA 1546,https://www.instagram.com/p/,
2024-05-06_23-33-09_UTC,Indeterminada,Variada,M√©dio,15,RESGATADOS ACUCENA 1546,https://www.instagram.com/p/,
2024-05-06_23-33-13_UTC,Indeterminada,Variada,M√©dio,15,RESGATADOS ACUCENA 1546,https://www.instagram.com/p/,
2024-05-06_23-34-12_UTC,Indeterminada,Variada,M√©dio,15,"RESGATADOS
ACUCENA 1546",https://www.instagram.com/p/,
2024-05-06_23-34-18_UTC,Indeterminada,Variada,M√©dio,15,RESGATADOS ACUCENA 1546,https://www.instagram.com/p/,
2024-05-06_23-34-24_UTC,Indeterminada,Variada,M√©dio,15,RESGATADOS ACUCENA 1546,https://www.instagram.com/p/,
2024-05-06_23-34-35_UTC,Rottweiler,Preto e castanho,Grande,50,PROCURA-SE O DONO Resgatamos essa Rottweiler na esta√ß√£o Rio Branco em Canoas Estava machucada e internamos na cl√≠nica Da Matriz em Viam√£o @MEUBICHOTASALVOCANOAS @meubichotasalvocanoas,https://www.instagram.com/p/,
2024-05-06_23-34-40_UTC,Indeterminada,Marrom,M√©dio,Indeterminado,Desaparecida @MEUBICHOTASALVOCANOAS,https://www.instagram.com/p/,
2024-05-06_23-34-52_UTC,gato,Variada,pequeno,4,Minhas gatas precisam de resgate. RUA: VISCONDE DE TAUNAY 390 HARMONIA,https://www.instagram.com/p/,
